/*
SQLyog Ultimate v12.4.3 (64 bit)
MySQL - 5.6.24 : Database - lalexpo
*********************************************************************
*/

/*!40101 SET NAMES utf8 */;

/*!40101 SET SQL_MODE=''*/;

/*!40014 SET @OLD_UNIQUE_CHECKS=@@UNIQUE_CHECKS, UNIQUE_CHECKS=0 */;
/*!40014 SET @OLD_FOREIGN_KEY_CHECKS=@@FOREIGN_KEY_CHECKS, FOREIGN_KEY_CHECKS=0 */;
/*!40101 SET @OLD_SQL_MODE=@@SQL_MODE, SQL_MODE='NO_AUTO_VALUE_ON_ZERO' */;
/*!40111 SET @OLD_SQL_NOTES=@@SQL_NOTES, SQL_NOTES=0 */;
USE `lalexpo`;

/*Table structure for table `patrocinador_categoria_paquete` */

DROP TABLE IF EXISTS `patrocinador_categoria_paquete`;

CREATE TABLE `patrocinador_categoria_paquete` (
  `id` int(11) NOT NULL AUTO_INCREMENT,
  `nombre_es` varchar(150) DEFAULT NULL,
  `nombre_en` varchar(150) DEFAULT NULL,
  `estado` tinyint(1) DEFAULT '1',
  PRIMARY KEY (`id`)
) ENGINE=InnoDB AUTO_INCREMENT=9 DEFAULT CHARSET=utf8;

/*Data for the table `patrocinador_categoria_paquete` */

insert  into `patrocinador_categoria_paquete`(`id`,`nombre_es`,`nombre_en`,`estado`) values 
(1,'Paquetes Premium de Patrocinios','Sponsorship premium packs',1),
(2,'Patrocinio de Alimentos y Bebidas','Sponsor food and drinks',1),
(3,'Paquetes y servicios adicionales','Aditional packs &amp; services',1),
(4,'Paquetes de hospitalidad','Hospitality packs',1),
(5,'Main advertising','Main advertising',1),
(6,'Actividades y Eventos','Activities &amp; Events',1),
(7,'Fiestas','Parties',1),
(8,'Premios','Awards',1);

/*Table structure for table `patrocinador_paquete` */

DROP TABLE IF EXISTS `patrocinador_paquete`;

CREATE TABLE `patrocinador_paquete` (
  `id` int(11) NOT NULL AUTO_INCREMENT,
  `id_categoria` int(11) DEFAULT NULL,
  `nombre_es` varchar(150) DEFAULT NULL,
  `nombre_en` varchar(150) DEFAULT NULL,
  `descrip_es` text,
  `descrip_en` text,
  `precio` decimal(18,2) DEFAULT '0.00',
  `cantidad` int(11) DEFAULT '0',
  `estado` tinyint(1) DEFAULT '0',
  PRIMARY KEY (`id`),
  KEY `id_categoria` (`id_categoria`),
  CONSTRAINT `categoria` FOREIGN KEY (`id_categoria`) REFERENCES `patrocinador_categoria_paquete` (`id`)
) ENGINE=InnoDB AUTO_INCREMENT=42 DEFAULT CHARSET=utf8;

/*Data for the table `patrocinador_paquete` */

insert  into `patrocinador_paquete`(`id`,`id_categoria`,`nombre_es`,`nombre_en`,`descrip_es`,`descrip_en`,`precio`,`cantidad`,`estado`) values 
(1,1,'Patrocinador <span style=\"color:#ffcc33\">Crown</span>','<span style=\"color:#ffcc33\">Crown</span> sponsor','Registro de hotel: prioridad <br />\r\nTraslado al aeropuerto <br />\r\nSalón de lujo en el piso de la exposición: grande <br />\r\nBoletos incluidos: 10 <br />\r\nEntrada de afiliado GRATUITA: 20 <br />\r\nBoleto adicional: $ 75 <br />\r\nColocación del logotipo Página de inicio: Principal <br />\r\nColocación del logotipo Publicidad: Principal <br />\r\nBanner grande <br />\r\nPosición de la bandera: 6 <br />\r\nBanderas verticales rígidas: 4 <br />\r\nSala de seminarios: 1 hora <br />\r\nConozca la tabla de mercado <br />\r\nInserciones de exhibición y bolsa: 4 <br />\r\nCompañías participantes de precontacto <br />\r\nBoletín informativo para todos los participantes <br />\r\nPanel de entrevistas: Destacado <br />\r\nTraductores: 2 <br />\r\nExposición social <br />\r\nMostrar guía: Anuncio de página completa <br />\r\nAcceso a la zona VIP en las fiestas <br />\r\nPre Show Dinner Networking','Hotel registration : Priority<br />\r\nAirport transfer <br />\r\nLuxury Lounge in show floor : Large <br />\r\nIncluded tickets : 10 <br />\r\nFREE Affiliate entrance ticket : 20 <br />\r\nExtra ticket : $75 <br />\r\nLogo placement Homepage : Main <br />\r\nLogo placement Advertising : Main <br />\r\nLarge Banner<br />\r\nFlag position : 6 <br />\r\nRigid stand-up-banners : 4 <br />\r\nSeminar Lounge : 1 Hour <br />\r\nMeet Market Table <br />\r\nShow and bag inserts : 4 <br />\r\nPrecontact Participant Companys <br />\r\nNewsletter to Participants All <br />\r\nInterviews panel : Prominent <br />\r\nTranslators : 2 <br />\r\nSocial Exposure <br />\r\nShow Guide : Full Page Ad <br />\r\nVIP Zone Access at Parties <br />\r\nPre Show Dinner Networking',14999.00,5,1),
(2,1,'Patrocinador <span style=\"color:#99ccff\">Diamond</span>','<span style=\"color:#99ccff\">Diamond</span> sponsor','Registro de hotel: Prioridad <br>\r\nTraslado al aeropuerto <br>\r\nLounge de lujo en el piso de la exposición: medio <br>\r\nBoletos incluidos: 8 <br>\r\nEntrada GRATUITA para afiliado: 15 <br>\r\nBoleto adicional: $ 80 <br>\r\nLogo placement Homepage: Main <br>\r\nLogo placement Publicidad: Main <br>\r\nLarge Banner <br>\r\nPosición de la bandera: 4 <br>\r\nRígido stand-up-banners: 2 <br>\r\nSala de seminarios: 30 minutos <br>\r\nMeet Market Table <br>\r\nInserciones de vitrinas y carteras: 3 <br>\r\nPrecontact Participant Companys <br>\r\nBoletín a los participantes de todo <br>\r\nPanel de entrevistas: Secundaria <br>\r\nTraductores: 1 <br>\r\nExposición social <br>\r\nMostrar guía: Anuncio de página completa <br>\r\nAcceso a la zona VIP en las fiestas <br>\r\nPre Show Dinner Networking','Hotel registration : Priority <br>\r\nAirport transfer <br>\r\nLuxury Lounge in show floor : Medium <br>\r\nIncluded tickets : 8 <br>\r\nFREE Affiliate entrance ticket : 15 <br>\r\nExtra ticket : $80 <br>\r\nLogo placement Homepage : Main <br>\r\nLogo placement Advertising : Main <br>\r\nLarge Banner<br>\r\nFlag position : 4 <br>\r\nRigid stand-up-banners : 2 <br>\r\nSeminar Lounge : 30 Mins <br>\r\nMeet Market Table <br>\r\nShow and bag inserts : 3 <br>\r\nPrecontact Participant Companys <br>\r\nNewsletter to Participants All <br>\r\nInterviews panel : Secondary <br>\r\nTranslators : 1 <br>\r\nSocial Exposure <br>\r\nShow Guide : Full Page Ad <br>\r\nVIP Zone Access at Parties <br>\r\nPre Show Dinner Networking',9999.00,5,1),
(3,1,'Patrocinador <span style=\"color:#aae2e0\">Platinum</span>','<span style=\"color:#aae2e0\">Platinum</span> sponsor','Registro de hotel: Prioridad <br>\r\nTraslado al aeropuerto <br>\r\nSalón de lujo en el piso de exhibición: pequeño<br>\r\nBoletos incluidos: 6 <br>\r\nEntrada GRATUITA para afiliado: 10 <br>\r\nBoleto extra: $ 90 <br>\r\nLogo placement Homepage: Secundaria <br>\r\nLogo placement Publicidad: Secundaria <br>\r\nLarge Banner <br>\r\nPosición de la bandera: 2<br>\r\nRígido stand-up-banners: 1 <br>\r\nMeet Market Table <br>\r\nInserciones de exhibición y bolsa: 2 <br>\r\nPrecontact Participant Companys <br>\r\nBoletín a los participantes de todo <br>\r\nPanel de entrevistas: Secundaria <br>\r\nExposición social <br>\r\nMostrar guía: Anuncio de media página <br>\r\nAcceso a la zona VIP en las fiestas <br>\r\nPre Show Dinner Networking','Hotel registration : Priority <br>\r\nAirport transfer  <br>\r\nLuxury Lounge in show floor : Small  <br>\r\nIncluded tickets : 6  <br>\r\nFREE Affiliate entrance ticket : 10  <br>\r\nExtra ticket : $90  <br>\r\nLogo placement Homepage : Secondary  <br>\r\nLogo placement Advertising : Secondary  <br>\r\nLarge Banner <br>\r\nFlag position : 2  <br>\r\nRigid stand-up-banners : 1  <br>\r\nMeet Market Table  <br>\r\nShow and bag inserts : 2  <br>\r\nPrecontact Participant Companys  <br>\r\nNewsletter to Participants All  <br>\r\nInterviews panel : Secondary  <br>\r\nSocial Exposure  <br>\r\nShow Guide : Half Page Ad  <br>\r\nVIP Zone Access at Parties  <br>\r\nPre Show Dinner Networking',4999.00,5,1),
(4,1,'Patrocinador <span style=\"color:#f58800\">Gold</span>','<span style=\"color:#f58800\">Gold</span> sponsor','Registro de hotel: prioridad <br />\r\nBoletos incluidos: 4 <br />\r\nBoleto adicional: $ 95 <br />\r\nColocación del logotipo Página de inicio: Pequeño <br />\r\nColocación del logotipo Publicidad: Pequeño <br />\r\nBanner grande <br />\r\nPosición de la bandera: 1 <br />\r\nConozca la tabla de mercado <br />\r\nInserciones de exhibición y bolsa: 1 <br />\r\nCompañías participantes de precontacto <br />\r\nExposición social <br />\r\nMostrar guía: anuncio de página trimestre <br />\r\nAcceso a la zona VIP en las fiestas <br />\r\nPre Show Dinner Networking','Hotel registration : Priority <br />\r\n              Included tickets : 4 <br />\r\n              Extra ticket : $95 <br />\r\n              Logo placement Homepage : Small <br />\r\n              Logo placement Advertising : Small <br />\r\n              Large Banner<br />\r\n              Flag position : 1 <br />\r\n              Meet Market Table <br />\r\n              Show and bag inserts : 1 <br />\r\n              Precontact Participant Companys <br />\r\n              Social Exposure <br />\r\n              Show Guide : Quarter Page Ad <br />\r\n              VIP Zone Access at Parties <br />\r\n              Pre Show Dinner Networking',2999.00,5,1),
(5,1,'Patrocinador <span style=\"color:#d16528\">Bronze</span>','<span style=\"color:#d16528\">Bronze</span> sponsor','Registro de hotel: prioridad <br />\r\nBoletos incluidos: 1 <br />\r\nColocación del logotipo Página de inicio: Pequeño <br />\r\nColocación del logotipo Publicidad: Pequeño <br />\r\nExposición social <br />\r\nMostrar guía: anuncio de página trimestre <br />\r\nAcceso a la zona VIP en las fiestas <br />\r\nPre Show Dinner Networking','Hotel registration : Priority <br />\r\nIncluded tickets : 1 <br />\r\nLogo placement Homepage : Small <br />\r\nLogo placement Advertising : Small <br />\r\nSocial Exposure <br />\r\nShow Guide : Quarter Page Ad <br />\r\nVIP Zone Access at Parties <br />\r\nPre Show Dinner Networking',1250.00,5,1),
(6,2,'Cena previa al evento','Pre show Dinner Networking','Dé la bienvenida a los jugadores principales con una cena en la<br /> noche antes del evento. <br />\r\nInvitar solo Actividad para Patrocinadores y VIP\'s de LALEXPO. <br />\r\nCapacidad máxima 100 asistentes. Restaurante elegido<br /> por el Patrocinador de <br />\r\nLista provista por LALEXPO <br />\r\nVolantes (14 páginas) <br />\r\n2 banners rígidos <br />\r\n1 Anfitriona en la cena que acompaña al patrocinador<br /> (el atuendo NOCTURNO será <br />\r\nproporcionado por el patrocinador). <br />\r\nBENEFICIOS ADICIONALES SOBRE ESTE PATROCINADOR: <br />\r\nRegistro de hotel: prioridad <br />\r\nBoletos incluidos: 4 <br />\r\nColocación del logotipo Página de inicio: Pequeño <br />\r\nColocación del logotipo Publicidad: Pequeño <br />\r\nExposición social <br />\r\nMostrar guía: anuncio de página trimestre <br />\r\nAcceso a la zona VIP en las fiestas <br />\r\nCena previa al evento <br />\r\n<img style=\"margin-top: 20px;\" src=\"http://lalexpo.com/uploads/paquetes/DSC_8410.jpg\" class=\"img-responsive\">','Welcome the main players with a dinner on the Evening before the Event. <br />\r\nInvite only Activity for Sponsors and VIP´s of LALEXPO. <br />\r\nMaximum capacity 100 Attendees. Restaurant to be chosen by Sponsor from <br /> \r\nLALEXPO provided list  <br />\r\nFlyers (14 Page)  <br />\r\n2 Rigid Banners  <br />\r\n1 Hostess at Dinner accompanying the Sponsor (NIGHT Outfit to be<br /> \r\nprovided by sponsor).  <br />\r\nADITIONAL BENEFITS ON THIS SPONSORSHIP :<br /> \r\nHotel registration : Priority  <br />\r\nIncluded tickets : 4  <br />\r\nLogo placement Homepage : Small  <br />\r\nLogo placement Advertising : Small  <br />\r\nSocial Exposure  <br />\r\nShow Guide : Quarter Page Ad  <br />\r\nVIP Zone Access at Parties  <br />\r\nPre Show Dinner Networking.  <br /> \r\n<img style=\"margin-top: 20px;\" src=\"http://lalexpo.com/uploads/paquetes/DSC_8410.jpg\" class=\"img-responsive\">',3999.00,5,1),
(7,2,'Estación de enfriamiento de agua','Water cooling','Botellas de agua personalizadas con el logotipo de su empresa. <br />\r\nIncluye 1.200 botellas de agua, 400 distribuidas cada día del evento. <br />\r\nPegatinas (Logo - Marca) en botellas de agua. <br />\r\nBanner en la estación de enfriamiento de agua. <br />\r\nBENEFICIOS ADICIONALES SOBRE ESTE PATROCINADOR: <br />\r\nRegistro de hotel: prioridad <br />\r\nBoletos incluidos: 4 <br />\r\nColocación del logotipo Página de inicio: Pequeño <br />\r\nColocación del logotipo Publicidad: Pequeño <br />\r\nExposición social <br />\r\nMostrar guía: anuncio de página trimestre <br />\r\nAcceso a la zona VIP en las fiestas <br />\r\nPre Show Dinner Networking.','Custom branded water bottles with your company logo.  <br /> \r\nIncludes 1.200 water bottles, 400 distributed each day of the event.  <br />  \r\nStickers (Logo - Brand) on water bottles.   <br /> \r\nBanner on water cooling station.  <br />  \r\nADITIONAL BENEFITS ON THIS SPONSORSHIP :  <br />  \r\nHotel registration : Priority  <br />\r\nIncluded tickets : 4  <br />\r\nLogo placement Homepage : Small  <br />\r\nLogo placement Advertising : Small  <br />\r\nSocial Exposure  <br />\r\nShow Guide : Quarter Page Ad  <br />\r\nVIP Zone Access at Parties  <br />\r\nPre Show Dinner Networking.',2499.00,5,1),
(8,2,'Receso','Coffe breaks','Su propia estación de café para ofrecer café gratis <br /> y comida ligera para todos. <br />\r\nSe ofrece cada día del evento de 8 a.m. a 11:00 a.m. <br />\r\nPegatinas (Logotipo - Marca) en las tazas de café <br />\r\nBanner en la estación de café <br />\r\n1000 volantes (1\r\n4 páginas) <br />\r\n1 Anfitriona sirviendo el café (El atuendo debe <br /> ser provisto por usted. <br />\r\nExcelente exposición en horas de mucho tráfico. <br />\r\nBENEFICIOS ADICIONALES SOBRE ESTE PATROCINADOR: <br />\r\nRegistro de hotel: prioridad <br />\r\nTraslado al aeropuerto <br />\r\nBoletos incluidos: 6 <br />\r\nEntrada de afiliado GRATUITA: 10 <br />\r\nColocación del logotipo Página de inicio: Secundaria <br />\r\nColocación del logotipo Publicidad: secundaria <br />\r\nBoletín informativo para todos los participantes <br />\r\nPanel de entrevistas: Secundario <br />\r\nExposición social <br />\r\nMostrar guía: Anuncio de media página <br />\r\nAcceso a la zona VIP en las fiestas <br />\r\nPre Show Dinner Networking','Your own coffee Station to offer free cofee and light food to everybody.   <br />\r\nProvided each day of the event from 8AM to 11AM.   <br />\r\nStickers (Logo - Brand) on Coffee Cups   <br />\r\nBanner on Coffee Station   <br />\r\n1000 Flyers ( 14 page )   <br />\r\n1 Hostess Serving the Coffee (Outfit should be provided by you.   <br />\r\nExcellent exposure in the high traffic hour.   <br />\r\nADITIONAL BENEFITS ON THIS SPONSORSHIP :   <br />\r\nHotel registration : Priority   <br />\r\nAirport transfer   <br />\r\nIncluded tickets : 6   <br />\r\nFREE Affiliate entrance ticket : 10   <br />\r\nLogo placement Homepage : Secondary   <br />\r\nLogo placement Advertising : Secondary   <br />\r\nNewsletter to Participants All   <br />\r\nInterviews panel : Secondary   <br />\r\nSocial Exposure   <br />\r\nShow Guide : Half Page Ad   <br />\r\nVIP Zone Access at Parties   <br />\r\nPre Show Dinner Networking',4999.00,5,1),
(9,2,'Cócteles Happy Hour','Happy hour Cocktails','Aloje una barra libre en el programa durante un evento de networking. <br />\r\nBebidas gratis incluidas por 1-2 horas. <br />\r\nLa barra se marcará con su logotipo y material de promoción. <br />\r\nPegatinas (Logotipo - Marca) en tazas de bebidas. <br />\r\nBanner en el Bar <br />\r\n2 camareros con traje de marca. (traje debe ser proporcionado por usted) <br />\r\n1000 folletos (14 páginas) <br />\r\nBENEFICIOS ADICIONALES SOBRE ESTE PATROCINADOR: <br />\r\nRegistro de hotel: prioridad <br />\r\nTraslado al aeropuerto <br />\r\nBoletos incluidos: 6 <br />\r\nEntrada de afiliado GRATUITA: 10 <br />\r\nColocación del logotipo Página de inicio: Secundaria <br />\r\nColocación del logotipo Publicidad: secundaria <br />\r\nBoletín informativo para todos los participantes <br />\r\nPanel de entrevistas: Secundario <br />\r\nExposición social <br />\r\nMostrar guía: Anuncio de media página <br />\r\nAcceso a la zona VIP en las fiestas <br />\r\nPre Show Dinner Networking.','Host an open bar in the show during a networking event.   <br />\r\nFree drinks included for 1-2 hours.   <br />\r\nThe bar will be branded with your logo and promotion material.   <br />\r\nStickers (Logo - Brand) on drink cups.   <br />\r\nBanner on Bar   <br />\r\n2 bartenders with branded outfit. (outfit should be provided by you)   <br />\r\n1000 Flyers ( 14 page )   <br />\r\nADITIONAL BENEFITS ON THIS SPONSORSHIP :   <br />\r\nHotel registration : Priority   <br />\r\nAirport transfer   <br />\r\nIncluded tickets : 6   <br />\r\nFREE Affiliate entrance ticket : 10   <br />\r\nLogo placement Homepage : Secondary   <br />\r\nLogo placement Advertising : Secondary   <br />\r\nNewsletter to Participants All   <br />\r\nInterviews panel : Secondary   <br />\r\nSocial Exposure   <br />\r\nShow Guide : Half Page Ad   <br />\r\nVIP Zone Access at Parties   <br />\r\nPre Show Dinner Networking.',4999.00,5,1),
(10,2,'Almuerzo','Lunch','Anímate a almorzar uno de los días del espectáculo durante<br />\r\nel descanso del espectáculo. <br />\r\nLa opción 1 es una estación de almuerzo tipo buffet, la <br />\r\ncantidad de platos proporcionados para 1 paquete es entre<br />\r\n150 a 250 placas, dependiendo del menú elegido por el patrocinador. <br />\r\nLa opción 2 es un almuerzo de invitación solo en uno de <br />\r\nnuestros restaurantes cercanos, límite de placas entre <br />\r\n150-200 dependiendo del restaurante elegido por el patrocinador. <br />\r\nMateriales de marca incluidos.<br /> \r\nDetalles dependiendo de la opción elegida. <br />\r\nBENEFICIOS ADICIONALES SOBRE ESTE PATROCINADOR: <br />\r\nRegistro de hotel: prioridad <br />\r\nTraslado al aeropuerto <br />\r\nBoletos incluidos: 6 <br />\r\nEntrada de afiliado GRATUITA: 10 <br />\r\nColocación del logotipo Página de inicio: Secundaria <br />\r\nColocación del logotipo Publicidad: secundaria <br />\r\nBoletín informativo para todos los participantes <br />\r\nPanel de entrevistas: Secundario <br />\r\nExposición social <br />\r\nMostrar guía: Anuncio de media página <br />\r\nAcceso a la zona VIP en las fiestas <br />\r\nPre Show Dinner Networking.','Host lunch one of the show days during the show break.   <br />\r\nOption 1 is a buffet style lunch station, the quantity <br />\r\nof the plates provided for 1 package is between 150 to<br />\r\n250 plates depending on menu chosen by sponsor.   <br />\r\nOption 2 is a invite only lunch at one of our nearby restaurants,  <br />\r\nlimit of plates between 150- 200 depending on restaurant chosen by sponsor.  <br />\r\nBranded materials included. Details depending on the option chosen.  <br />\r\nADITIONAL BENEFITS ON THIS SPONSORSHIP :   <br />\r\nHotel registration : Priority   <br />\r\nAirport transfer   <br />\r\nIncluded tickets : 6   <br />\r\nFREE Affiliate entrance ticket : 10   <br />\r\nLogo placement Homepage : Secondary   <br />\r\nLogo placement Advertising : Secondary   <br />\r\nNewsletter to Participants All   <br />\r\nInterviews panel : Secondary   <br />\r\nSocial Exposure   <br />\r\nShow Guide : Half Page Ad   <br />\r\nVIP Zone Access at Parties   <br />\r\nPre Show Dinner Networking.',4999.00,5,1),
(11,2,'Cena','Dinner','Organice una cena solo para invitados en uno de nuestros <br />\r\nrestaurantes cercanos. <br />\r\nlímite de placas entre 150 y 250 dependiendo del restaurante<br /> \r\nelegido por el patrocinador. <br />\r\nMateriales de marca incluidos. <br />\r\nDetalles según el restaurante elegido. <br />\r\nBENEFICIOS ADICIONALES SOBRE ESTE PATROCINADOR: <br />\r\nRegistro de hotel: prioridad <br />\r\nTraslado al aeropuerto <br />\r\nBoletos incluidos: 6 <br />\r\nEntrada de afiliado GRATUITA: 10 <br />\r\nColocación del logotipo Página de inicio: Secundaria <br />\r\nColocación del logotipo Publicidad: secundaria <br />\r\nBoletín informativo para todos los participantes <br />\r\nPanel de entrevistas: Secundario <br />\r\nExposición social <br />\r\nMostrar guía: Anuncio de media página <br />\r\nAcceso a la zona VIP en las fiestas <br />\r\nPre Show Dinner Networking.','Host a invite only dinner at one of our nearby restaurants.  <br />\r\nlimit of plates between 150- 250 depending on restaurant chosen by sponsor.  <br />\r\nBranded materials included.  <br />\r\nDetails depending on the restaurant chosen.  <br />\r\nADITIONAL BENEFITS ON THIS SPONSORSHIP :  <br />\r\nHotel registration : Priority  <br />\r\nAirport transfer  <br />\r\nIncluded tickets : 6  <br />\r\nFREE Affiliate entrance ticket : 10  <br />\r\nLogo placement Homepage : Secondary  <br />\r\nLogo placement Advertising : Secondary  <br />\r\nNewsletter to Participants All  <br />\r\nInterviews panel : Secondary  <br />\r\nSocial Exposure  <br />\r\nShow Guide : Half Page Ad  <br />\r\nVIP Zone Access at Parties  <br />\r\nPre Show Dinner Networking.',5999.00,5,1),
(12,2,'Snack y dulces','Snack &amp; Candy','Nunca se puede ser \"Demasiado dulce\" para los delegados. <br />\r\nLa estación de golosinas Snack and Candy está llena de una<br /> \r\nvariedad de golosinas gratuitas. <br />\r\nLa estación estará abierta a todos los asistentes durante todo el día. <br />\r\n2 Banners en la estación de la estación de bocadillos <br />\r\n1000 folletos (14 páginas). <br />\r\nBENEFICIOS ADICIONALES SOBRE ESTE PATROCINADOR: <br />\r\nRegistro de hotel: prioridad <br />\r\nBoletos incluidos: 4 <br />\r\nColocación del logotipo Página de inicio: Pequeño <br />\r\nColocación del logotipo Publicidad: Pequeño <br />\r\nExposición social <br />\r\nMostrar guía: anuncio de página trimestre <br />\r\nAcceso a la zona VIP en las fiestas <br />\r\nPre Show Dinner Networking.','You can never be \"Too Sweet\" to the delegates.   <br />\r\nBranded Snack and Candy station filled with an assortment of free treats.   <br />\r\nThe station will be open to all attendees all day long.   <br />\r\n2 Banners on Snack station Station   <br />\r\n1000 Flyers ( 14 page ).   <br />\r\nADITIONAL BENEFITS ON THIS SPONSORSHIP :   <br />\r\nHotel registration : Priority   <br />\r\nIncluded tickets : 4   <br />\r\nLogo placement Homepage : Small   <br />\r\nLogo placement Advertising : Small   <br />\r\nSocial Exposure   <br />\r\nShow Guide : Quarter Page Ad   <br />\r\nVIP Zone Access at Parties   <br />\r\nPre Show Dinner Networking.',2499.00,5,1),
(13,3,'Anfitriones de marca','Branded Hostesses','2 Anfitriones de marca para su empresa durante los 3 días de LALEXPO. <br />\r\nLos usé para repartir volantes, dar la bienvenida a tus socios o simplemente para <br />\r\nhaz que tu empresa luzca atractiva <br />\r\n1000 folletos (14 páginas) <br />\r\nEquipo de Anfitriones (debe proporcionar diseño e ilustraciones o traer traje propio). <br />\r\nBENEFICIOS ADICIONALES SOBRE ESTE PATROCINADOR: <br />\r\nRegistro de hotel: prioridad <br />\r\nBoletos incluidos: 4 <br />\r\nColocación del logotipo Página de inicio: Pequeño <br />\r\nColocación del logotipo Publicidad: Pequeño <br />\r\nExposición social <br />\r\nMostrar guía: anuncio de página trimestre <br />\r\nAcceso a la zona VIP en las fiestas <br />\r\nPre Show Dinner Networking.','2 Branded Hostesses for your company during the 3 Days of LALEXPO.  <br />\r\nUsed them to spread flyers around, welcome your partners or simply to  <br />\r\nmake your Company look hot.  <br />\r\n1000 Flyers (14 Page)  <br />\r\nHostesses Outfit (Must provide design and artwork or bring Outfit yourself).  <br />\r\nADITIONAL BENEFITS ON THIS SPONSORSHIP :  <br />\r\nHotel registration : Priority  <br />\r\nIncluded tickets : 4  <br />\r\nLogo placement Homepage : Small  <br />\r\nLogo placement Advertising : Small  <br />\r\nSocial Exposure  <br />\r\nShow Guide : Quarter Page Ad  <br />\r\nVIP Zone Access at Parties  <br />\r\nPre Show Dinner Networking.',2499.00,5,1),
(14,3,'Inserción de bolsas de regalo','Gift bag insertion','Coloque un artículo (volante, obsequio, regalito, etc.) en las bolsas del espectáculo que <br />\r\nse entregan a todos los delegados. <br />\r\nEste patrocinio no incluye ningún obsequio, es solo el derecho <br />\r\npara que insertes los regalos en las bolsas de regalo. <br />','Place an item (flyer, gift, goody, etc.) in the show bags that  <br />\r\nare given to all delegates.  <br />\r\nThis Sponsorship does not include any Gifts, is only the right  <br />\r\nfor you to insert gifts into the Gift Bags. <br />',499.00,5,1),
(15,3,'Estación de carga de teléfono','Phone charging station','¿En LALEXPO con la batería del teléfono a punto de morir? <br/>\r\nGracias al patrocinador de la estación de carga de celulares, <br/>\r\nesto no le va a pasar a ninguno de los asistentes al evento! <br/>\r\nEstación de carga de celulares brandeada y pendón de la empresa. <br/>\r\nBENEFICIOS ADICIONALES EN ESTE PATROCINIO: <br/>\r\nRegistro de hotel: Prioritario <br/>\r\nTiquetes de entrada: 4 <br/>\r\nLogo al inicio de la página web: Pequeño <br/>\r\nLogo en la publicidad del evento: Pequeño <br/>\r\nExposición en redes sociales <br/>\r\nEspacio publicitario en revista del evento: Cuarto de página <br/>\r\nAcceso a las zonas VIP en las fiestas <br/>\r\nCena de negocios previa al evento<br/>','At LALEXPO with phone`s battery about to die? Thanks you the Mobile  <br />\r\nPhone Charging Sponsor this is not going to happen<br /> \r\nto anyone at the Convention !  <br />\r\nBranded Phone charging station and company banner.  <br />\r\nADITIONAL BENEFITS ON THIS SPONSORSHIP :  <br />\r\nHotel registration : Priority  <br />\r\nIncluded tickets : 4  <br />\r\nLogo placement Homepage : Small  <br />\r\nLogo placement Advertising : Small  <br />\r\nSocial Exposure  <br />\r\nShow Guide : Quarter Page Ad  <br />\r\nVIP Zone Access at Parties  <br />\r\nPre Show Dinner Networking.',1999.00,5,1),
(16,3,'Baños Brandeados\r\n','Bathrooms Branding','Tenga el logo de su empresa en un lugar que todos los asistentes<br> \r\nsin duda verán.<br> \r\nLogo branding en espejos o puertas de los baños en forma de adhesivos. <br>\r\nBENEFICIOS ADICIONALES EN ESTE PATROCINIO: \r\nRegistro de hotel: Prioritario <br>\r\nTiquetes de entrada: 4<br>\r\nLogo al inicio de la página web: Pequeño<br>\r\nLogo en la publicidad del evento: Pequeño<br>\r\nExposición en redes sociales <br>\r\nEspacio publicitario en revista del evento: Cuarto de página <br>\r\nAcceso a las zonas VIP en las fiestas <br>\r\nCena de negocios previa al evento','Have your logo in a spot attendees will definitely see.  <br />\r\nLogo branding in Mirrors, Door stickers, Clings, etc <br />\r\nADITIONAL BENEFITS ON THIS SPONSORSHIP : <br />\r\nHotel registration : Priority  <br />\r\nIncluded tickets : 4  <br />\r\nLogo placement Homepage : Small  <br />\r\nLogo placement Advertising : Small  <br />\r\nSocial Exposure  <br />\r\nShow Guide : Quarter Page Ad  <br />\r\nVIP Zone Access at Parties  <br />\r\nPre Show Dinner Networking.',2499.00,5,1),
(17,3,'Tweet','Tweet Wall','Gran pantalla LCD brandeada con el logotipo de su empresa, <br/>\r\ndonde se podrán ver todos los tweets y retweets de los  <br/>\r\norganizadores oficiales del evento,  <br/>\r\npatrocinadores y asistentes. <br/>','Branded Large LCD screen featuring all the official tweets and  <br />\r\nretweets from show organizers, sponsors and attendees. <br />',849.00,5,1),
(18,3,'Señalética del evento','Signage on show Schedules','Obtenga el nombre y el logotipo de su empresa en la señalética del evento, que irá distribuida alrededor de todo el lugar. Una manera perfecta de ser visto todo el día por todo el mundo. También incluye su logotipo en la programación impresa.\r\n','Get your company name and logo on the Show Signages, the official  <br />\r\nshow schedule are strategically placed all around the venue.  <br />\r\nA perfect manner to be seen all day by everyone. Also included  <br />\r\nlogo on printed show schedule. <br />',899.00,5,1),
(19,3,'Escaleras principales brandeadas','Main stairs Branding','Su nombre aparecerá en cada uno de los pisos de la escalera principal. ¡Sé el primero en guiar sus pasos!\r\nBENEFICIOS ADICIONALES EN ESTE PATROCINIO: \r\nRegistro de hotel: Prioritario \r\nTiquetes de entrada: 4\r\nLogo al inicio de la página web: Pequeño\r\nLogo en la publicidad del evento: Pequeño\r\nExposición en redes sociales \r\nEspacio publicitario en revista del evento: Cuarto de página \r\nAcceso a las zonas VIP en las fiestas \r\nCena de negocios previa al evento','Your name will appear on every step of the main stairs.  <br />\r\nBe the first to guide their steps!  <br />\r\nADITIONAL BENEFITS ON THIS SPONSORSHIP :  <br />\r\nHotel registration : Priority  <br />\r\nIncluded tickets : 4  <br />\r\nLogo placement Homepage : Small  <br />\r\nLogo placement Advertising : Small  <br />\r\nSocial Exposure  <br />\r\nShow Guide : Quarter Page Ad  <br />\r\nVIP Zone Access at Parties  <br />\r\nPre Show Dinner Networking. ',1999.00,5,1),
(20,3,'Video Wall','Video Wall','Pantalla de alta definición brandeada en una ubicación Premium. En la pantalla se reproducirán todos sus videos, más información sobre LALEXPO. Presente el video de empresa, sus productos, noticias sobre sus servicios, o cualquier tipo de información que le desee.','Branded High Definition Screen on Premium location.  <br />\r\nLALEXPO info and Your Videos featured on the screen.  <br />\r\nPresent your company video, your products, news about your services,  <br />\r\nor any kind of info you would like. <br />',849.00,5,1),
(21,3,'Máquina de dinero','Cash machine sponsor','¡Patrocine la máquina de dinero donde los asistentes podrán ganar dinero gratis! La máquina de dinero será una actividad permanente entre las 10:00 am y las 5:00 pm que usted decidirá cuando encender. Es una manera perfecta de llamar la atención hacia su marca para invitar a la gente a su stand. Este patrocinio no incluye el dinero para insertar en la máquina. \r\nBENEFICIOS ADICIONALES EN ESTE PATROCINIO: \r\nRegistro de hotel: Prioritario \r\nTiquetes de entrada: 4\r\nLogo al inicio de la página web: Pequeño\r\nLogo en la publicidad del evento: Pequeño\r\nExposición en redes sociales \r\nEspacio publicitario en revista del evento: Cuarto de página \r\nAcceso a las zonas VIP en las fiestas \r\nCena de negocios previa al evento','Sponsor the cash machine where attendees can win free money!  <br />\r\nThe cash machine will be a permanent activity between 10 am to 5 pm  <br />\r\nthat you decide when turn on.  <br />\r\nIt’s a perfect way to call attention to your brand and to invite  <br />\r\npeople to your booth.  <br />\r\nYour company Branded Cash machine.  <br />\r\nDoes not include the money to insert on the machine.  <br />\r\nADITIONAL BENEFITS ON THIS SPONSORSHIP :  <br />\r\nHotel registration : Priority  <br />\r\nIncluded tickets : 4  <br />\r\nLogo placement Homepage : Small  <br />\r\nLogo placement Advertising : Small  <br />\r\nSocial Exposure  <br />\r\nShow Guide : Quarter Page Ad  <br />\r\nVIP Zone Access at Parties  <br />\r\nPre Show Dinner Networking.',2999.00,5,1),
(22,3,'Pre Contactar a todos los asistentes del evento','Pre contact all attendees Feature','Obtenga acceso a la información de contacto de todos los asistentes registrados. Por defecto, ningún registrado puede ver la información de contacto de otros asistentes antes del evento, por lo tanto, esta es una gran manera de tomar ventaja y establecer reuniones por adelantado.','Get access to the Contact Info of all Registered Attendees.  <br />\r\n				By default you wont be able to view Contact info of other Attendees  <br />\r\n				before the show, hence this is a great way for you to reach out and setup meetings in advance. <br />',499.00,5,1),
(23,4,'Transporte desde el aeropuerto','Airport transportation','Transporte para todos los asistentes desde el aeropuerto al hotel. El transporte se marcaría en el exterior con el logotipo y el slogan de su empresa. Una anfitriona, vestida también con el logo de su empresa, daría la bienvenida a todos los pasajeros en el aeropuerto o el hotel en nombre suyo. En eventos pasados, cientos de asistentes han aprovechado este servicio gratuito. \r\nPara el logo, Slogan y vestuario de la anfitriona usted debe proporcionar los artes o diseños. De lo contrario, deberá proporcionar el vestuario usted mismo.<br/>\r\nBENEFICIOS ADICIONALES EN ESTE PATROCINIO:<br/>\r\nRegistro de hotel: Prioritario <br/>\r\nTransporte desde el aeropuerto al hotel <br/>\r\nTiquetes de entrada: 6<br/>\r\nTiquetes GRATIS de afiliado: 10 <br/>\r\nLogo al inicio de la página web: Secundario <br/>\r\nLogo en la publicidad del evento: Secundario<br/>\r\nNewsletter a todos los participantes<br/>\r\nPanel de entrevistas: Secundario<br/>\r\nExposición en redes sociales <br/>\r\nEspacio publicitario en revista del evento: Media página <br/>\r\nAcceso a la zona VIP de las fiestas<br/>\r\nCena de negocios previa al evento<br/>','Transportation for all attendees from Airport to Hotel.  <br />\r\nThe transport would be branded on the outside with Logo and Slogan of your company.  <br />\r\nA branded hostess would welcome all passengers at airport or hotel on your behalf.  <br />\r\nIn past Events hundreds of attendees took advantage of this free service.  <br />\r\nLogo  <br />\r\nSlogan  <br />\r\nHostess Outfit (Must provide design and artwork or bring Outfit yourself).  <br />\r\nADITIONAL BENEFITS ON THIS SPONSORSHIP :  <br />\r\nHotel registration : Priority  <br />\r\nAirport transfer  <br />\r\nIncluded tickets : 6  <br />\r\nFREE Affiliate entrance ticket : 10  <br />\r\nLogo placement Homepage : Secondary  <br />\r\nLogo placement Advertising : Secondary  <br />\r\nNewsletter to Participants All  <br />\r\nInterviews panel : Secondary  <br />\r\nSocial Exposure  <br />\r\nShow Guide : Half Page Ad  <br />\r\nVIP Zone Access at Parties  <br />\r\nPre Show Dinner Networking.',4399.00,5,1),
(24,4,'Autobús','Shuttle bus','Aunque estamos en un entorno compacto y todo el mundo permanece cerca, juntos tendremos un servicio de transporte funcionando durante todo el evento. Transporte para todos los asistentes desde el hotel a los restaurantes, actividades, etc. El transporte estaría brandeado en el exterior con el logotipo y el lema de su empresa.<br/>\r\nBENEFICIOS ADICIONALES EN ESTE PATROCINIO: <br/>\r\nRegistro de hotel: Prioritario <br/>\r\nTiquetes de entrada: 4<br/>\r\nLogo al inicio de la página web: Pequeño<br/>\r\nLogo en la publicidad del evento: Pequeño<br/>\r\nExposición en redes sociales <br/>\r\nEspacio publicitario en revista del evento: Cuarto de página <br/>\r\nAcceso a las zonas VIP en las fiestas <br/>\r\nCena de negocios previa al evento<br/>','Although we are in a compact setting and everybody is close together we will have a shuttle service running during the event.  <br />\r\nTransportation for all attendees from Hotel to Restaurants, Activities, etc.  <br />\r\nThe transport would be branded on the outside with Logo and Slogan of your company.  <br />\r\nADITIONAL BENEFITS ON THIS SPONSORSHIP :  <br />\r\nHotel registration : Priority  <br />\r\nIncluded tickets : 4  <br />\r\nLogo placement Homepage : Small  <br />\r\nLogo placement Advertising : Small  <br />\r\nSocial Exposure  <br />\r\nShow Guide : Quarter Page Ad  <br />\r\nVIP Zone Access at Parties  <br />\r\nPre Show Dinner Networking.',2499.00,5,1),
(25,4,'Patrocinador Oficial de Wifi','Official WiFi Sponsor','Ayude a todos los asistentes del evento a conectarse siendo el proveedor oficial de WiFi gratuito en todas las zonas. El logo de su empresa aparecerá en diferentes áreas como parte de la señalética con las instrucciones del WiFi. <br/>\r\nBENEFICIOS ADICIONALES EN ESTE PATROCINIO: <br/>\r\nRegistro de hotel: Prioritario Tiquetes de entrada: 4<br/>\r\nTiquete adicional: $95 USD <br/>\r\nLogo al inicio de la página web: Pequeño<br/>\r\nLogo en la publicidad del evento: Pequeño<br/>\r\nMesa en el Meet Market <br/>\r\nItems publicitarios para la bolsa de regalos: 1<br/>\r\nPre-contacto con las compañías participantes<br/>\r\nExposición en redes sociales <br/>\r\nEspacio publicitario en revista del evento: Cuarto de página<br/>\r\nAcceso a la zona VIP de las fiestas<br/>\r\nCena de negocios previa al evento<br/>','Help all conference attendees get connected by being the provider of complimentary WiFi on all the convention center areas.  <br />\r\nCompany branded signage placed in different areas of the convention center with wifi instructions.  <br />\r\nADITIONAL BENEFITS ON THIS SPONSORSHIP :  <br />\r\n•Hotel registration : Priority  <br />\r\nIncluded tickets : 4  <br />\r\nExtra ticket : $95  <br />\r\nLogo placement Homepage : Small  <br />\r\nLogo placement Advertising : Small  <br />\r\nLarge Banner  <br />\r\nFlag position : 1  <br />\r\nMeet Market Table  <br />\r\nShow and bag inserts : 1  <br />\r\nPrecontact Participant Companys  <br />\r\nSocial Exposure  <br />\r\nShow Guide : Quarter Page Ad  <br />\r\nVIP Zone Access at Parties  <br />\r\nPre Show Dinner Networking ',4999.00,5,1),
(26,5,'Punto de registro e información','Registration &amp; Information Desk','Cause la primera impresión, sea el primer patrocinador que todos verán en el punto de registro a la entrada del evento. La mesa de registro estará exclusivamente brandeada con el logo de su empresa. Al ser el patrocinador oficial del registro, su logotipo aparecerá en todo el material informativo y comunicaciones relacionadas con el registro. <br/>\r\nBENEFICIOS ADICIONALES EN ESTE PATROCINIO: <br/>\r\nRegistro de hotel: Prioritario  <br/>\r\nTransporte desde el aeropuerto al hotel  <br/>\r\nTiquetes de entrada: 6 <br/>\r\nTiquetes GRATIS de afiliado: 10  <br/>\r\nLogo al inicio de la página web: Secundario <br/>\r\nLogo en la publicidad del evento: Secundario <br/>\r\nNewsletter a todos los participantes <br/>\r\nPanel de entrevistas: Secundario <br/>\r\nTraductores: 2  <br/>\r\nExposición en redes sociales  <br/>\r\nEspacio publicitario en revista del evento: Página completa  <br/>\r\nAcceso a la zona VIP de las fiestas <br/>\r\nCena de negocios previa al evento','Make the first impression be the first Sponsor that everybody would see at Registration area.  <br />\r\nExclusive branding in Registration desk.  <br />\r\nOfficial registration sponsor which means your logo will be featured on all registration-related materials and communications.  <br />\r\nADITIONAL BENEFITS ON THIS SPONSORSHIP :  <br />\r\nHotel registration : Priority  <br />\r\nAirport transfer  <br />\r\nIncluded tickets : 6  <br />\r\nFREE Affiliate entrance ticket : 10  <br />\r\nLogo placement Homepage : Secondary  <br />\r\nLogo placement Advertising : Secondary  <br />\r\nNewsletter to Participants All  <br />\r\nInterviews panel : Secondary  <br />\r\nSocial Exposure  <br />\r\nShow Guide : Half Page Ad  <br />\r\nVIP Zone Access at Parties  <br />\r\nPre Show Dinner Networking.',4999.00,5,1),
(27,5,'Lanyards\r\n','Cockade ribbons','Cada escarapela necesita una cinta para poder ajustarla en el cuello, de esta forma puedes obtener exposición permanente y máxima durante todo el evento.\r\nBENEFICIOS ADICIONALES EN ESTE PATROCINIO:\r\nRegistro de hotel: Prioritario \r\nTransporte desde el aeropuerto al hotel \r\nTiquetes de entrada: 6 \r\nTiquetes GRATIS de afiliado: 10 \r\nLogo al inicio de la página web: Secundario \r\nLogo en la publicidad del evento: Secundario\r\nNewsletter a todos los participantes\r\nPanel de entrevistas: Secundario\r\nExposición en redes sociales \r\nEspacio publicitario en revista del evento: Media página \r\nAcceso a la zona VIP de las fiestas\r\nCena de negocios previa al evento','Every badge needs a Lanyard, therefore Permanent and maximum exposure throughout the event.  <br />\r\nADITIONAL BENEFITS ON THIS SPONSORSHIP :  <br />\r\nHotel registration : Priority  <br />\r\nAirport transfer  <br />\r\nIncluded tickets : 6  <br />\r\nFREE Affiliate entrance ticket : 10  <br />\r\nLogo placement Homepage : Secondary  <br />\r\nLogo placement Advertising : Secondary  <br />\r\nNewsletter to Participants All  <br />\r\nInterviews panel : Secondary  <br />\r\nSocial Exposure  <br />\r\nShow Guide : Half Page Ad  <br />\r\nVIP Zone Access at Parties  <br />\r\nPre Show Dinner Networking.',4999.00,5,1),
(28,5,'Manillas del evento\r\n','Show wristbands','Exclusividad de su logo impreso en las manillas del evento que se le darán a todos los asistentes. Las manillas serán utilizadas durante todo el evento (también para ganar entradas a las fiestas y actividades). \r\nBENEFICIOS ADICIONALES EN ESTE PATROCINIO: \r\nRegistro de hotel: Prioritario \r\nTiquetes de entrada: 4\r\nLogo al inicio de la página web: Pequeño\r\nLogo en la publicidad del evento: Pequeño\r\nExposición en redes sociales \r\nEspacio publicitario en revista del evento: Cuarto de página\r\nAcceso a la zona VIP de las fiestas\r\nCena de negocios previa al evento','Exclusive company logo printed on show wristbands that will be given to all attendees.  <br />\r\nThey will be worn during the whole show (also to gain entry to the parties and activities).  <br />\r\nADITIONAL BENEFITS ON THIS SPONSORSHIP :  <br />\r\nHotel registration : Priority  <br />\r\nIncluded tickets : 4  <br />\r\nLogo placement Homepage : Small  <br />\r\nLogo placement Advertising : Small  <br />\r\nSocial Exposure  <br />\r\nShow Guide : Quarter Page Ad  <br />\r\nVIP Zone Access at Parties  <br />\r\nPre Show Dinner Networking.',4999.00,5,1),
(29,5,'Escarapelas','Show badge','Cada asistente deberá usar una escarapela, todos deberán mirar la escarapela del otro para conocer sus nombres y demás información. Por todo esto no hay mejor manera de promover su marca. \r\nBENEFICIOS ADICIONALES EN ESTE PATROCINIO:\r\nRegistro de hotel: Prioritario \r\nTransporte desde el aeropuerto al hotel \r\nTiquetes de entrada: 6 \r\nTiquetes GRATIS de afiliado: 10 \r\nLogo al inicio de la página web: Secundario\r\nLogo en la publicidad del evento: Secundario\r\nNewsletter a todos los participantes\r\nPanel de entrevistas: Secundario\r\nExposición en redes sociales \r\nEspacio publicitario en revista del evento: Media página \r\nAcceso a la zona VIP de las fiestas\r\nCena de negocios previa al evento','Every assistant must wear a badge, everybody would look at each others badge to look at names, and other information, that’s why there’s no better way to promote your brand.  <br />\r\nADITIONAL BENEFITS ON THIS SPONSORSHIP :  <br />\r\nHotel registration : Priority  <br />\r\nAirport transfer  <br />\r\nIncluded tickets : 6  <br />\r\nFREE Affiliate entrance ticket : 10  <br />\r\nLogo placement Homepage : Secondary  <br />\r\nLogo placement Advertising : Secondary  <br />\r\nNewsletter to Participants All  <br />\r\nInterviews panel : Secondary  <br />\r\nSocial Exposure  <br />\r\nShow Guide : Half Page Ad  <br />\r\nVIP Zone Access at Parties  <br />\r\nPre Show Dinner Networking.',3999.00,5,1),
(30,5,'Bolsa de regalos','Show bag','Cada participante tendrá derecho a una bolsa de regalo, dele a su empresa la máxima exposición brandeando estas bolsas. Este patrocinio incluye las bolsas. \r\nBENEFICIOS ADICIONALES EN ESTE PATROCINIO:\r\nRegistro de hotel: Prioritario \r\nTransporte desde el aeropuerto al hotel \r\nTiquetes de entrada: 6\r\nTiquetes GRATIS de afiliado: 10 \r\nLogo al inicio de la página web: Secundario\r\nLogo en la publicidad del evento: Secundario\r\nNewsletter a todos los participantes\r\nPanel de entrevistas: Secundario\r\nExposición en redes sociales \r\nEspacio publicitario en revista del evento: Media página \r\nAcceso a la zona VIP de las fiestas\r\nCena de negocios previa al evento','Every attendee would have the right to a Gift Bag, give your company maximum exposure by branding the Bags.  <br />\r\nThis Sponsorship include the Bags.  <br />\r\nADITIONAL BENEFITS ON THIS SPONSORSHIP :  <br />\r\nHotel registration : Priority  <br />\r\nAirport transfer  <br />\r\nIncluded tickets : 6  <br />\r\nFREE Affiliate entrance ticket : 10  <br />\r\nLogo placement Homepage : Secondary  <br />\r\nLogo placement Advertising : Secondary  <br />\r\nNewsletter to Participants All  <br />\r\nInterviews panel : Secondary  <br />\r\nSocial Exposure  <br />\r\nShow Guide : Half Page Ad  <br />\r\nVIP Zone Access at Parties  <br />\r\nPre Show Dinner Networking.',4999.00,5,1),
(31,6,'Fiesta en chiva','Activity (Chiva Party Bus)','Fiesta con tour en chiva colombiana (bus tradicional del país). El tour tiene una duración de 2-3 horas. Incluye 6 chivas, 6 anfitrionas brandeadas, 12 botellas de aguardiente (licor colombiano, botellas de 2.000 ml). Cada chiva tiene capacidad para 50 personas. Si desea más chivas, el costo es de $ 800 USD por chiva extra, que también incluirá branding, anfitriona y 2 botellas de aguardiente. \r\nBENEFICIOS ADICIONAL0ES EN ESTE PATROCINIO:\r\nRegistro de hotel: Prioritario \r\nTransporte desde el aeropuerto al hotel \r\nTiquetes de entrada: 6 \r\nTiquetes GRATIS de afiliado: 10 \r\nLogo al inicio de la página web: Secundario\r\nLogo en la publicidad del evento: Secundario\r\nNewsletter a todos los participantes\r\nPanel de entrevistas: Secundario\r\nExposición en redes sociales \r\nEspacio publicitario en revista del evento: Media Página \r\nAcceso a la zona VIP de las fiestas\r\nCena de negocios previa al evento','Colombian Chiva party bus tour. (The tour has a duration of 2-3 hours.  <br />\r\nIncludes 6 Chiva party buses, 6 Branded hostess, 12 bottles of aguardiente (Colombian liquor 2.000 ml bottles). <br />\r\nEach chiva bus has capacity for 50 people).  <br />\r\nIf you want more chiva buses, the cost is $800 USD for each extra bus, which will also include branding, Hostess and 2 bottles of aguardiente.  <br />\r\nADITIONAL BENEFITS ON THIS SPONSORSHIP :  <br />\r\nHotel registration : Priority  <br />\r\nAirport transfer  <br />\r\nIncluded tickets : 6  <br />\r\nFREE Affiliate entrance ticket : 10  <br />\r\nLogo placement Homepage : Secondary  <br />\r\nLogo placement Advertising : Secondary  <br />\r\nNewsletter to Participants All  <br />\r\nInterviews panel : Secondary  <br />\r\nSocial Exposure  <br />\r\nShow Guide : Half Page Ad  <br />\r\nVIP Zone Access at Parties  <br />\r\nPre Show Dinner Networking.',5999.00,5,1),
(32,6,'Paseo a caballo - Calbagata','Horseback riding Colombian Style tour','Patrocine una excursión a caballo por los diferentes terrenos y ríos de la zona. El recorrido tiene una duración de 1-2 horas. Incluye brandeo y caballos con guías usando gorras y camisetas brandeadas, bebidas y música. Transporte desde el hotel oficial. Actividad de 200 caballos.\r\nBENEFICIOS ADICIONALES EN ESTE PATROCINIO: \r\nRegistro de hotel: Prioritario \r\nTiquetes de entrada: 4 \r\nLogo al inicio de la página web: Pequeño\r\nLogo en la publicidad del evento: Pequeño\r\nExposición en redes sociales \r\nEspacio publicitario en revista del evento: Cuarto de página \r\nAcceso a la zona VIP de las fiestas\r\nCena de negocios previa al evento','Sponsor a sightseeing horseback riding tour thru the country land and rivers.  <br />\r\nThe tour has a duration of 1-2 hours.  <br />\r\nIncludes branding and horses with guides wearing branded hat and shirt, Drinks and music included.  <br />\r\nShuttle transportation roundtrip from show hotel.  <br />\r\n200 horses activity.  <br />\r\nADITIONAL BENEFITS ON THIS SPONSORSHIP :  <br />\r\nHotel registration : Priority  <br />\r\nIncluded tickets : 4  <br />\r\nLogo placement Homepage : Small  <br />\r\nLogo placement Advertising : Small  <br />\r\nSocial Exposure  <br />\r\nShow Guide : Quarter Page Ad  <br />\r\nVIP Zone Access at Parties  <br />\r\nPre Show Dinner Networking.',5999.00,5,1),
(33,6,'Torneo de Fútbol o Voleibol Sexy\r\n','Soccer or Volleyball sexy tournament','Patrocine un torneo de fútbol o voleibol de 2 horas. Patrocine 4 equipos que podrían ser todos femeninos o mixtos, cada equipo deberá tener mínimo 3 mujeres, todos los equipos llevarán sus camisetas brandeadas, las mujeres en el equipo perdedor se quitarán una prenda de ropa en cada anotación que hagan contra ellas, los 3 equipos finalistas obtendrán trofeos brandeados con el logo de su empresa. Pendones y banderas brandeadas por todo el lugar, agua, cerveza y aperitivos gratis. Artículos publicitarios para animar el juego gratis para todos los asistentes. Árbitro profesional para el torneo. Actividad para 300 personas. Transporte ida y vuelta desde el hotel. \r\nBENEFICIOS ADICIONALES EN ESTE PATROCINIO:\r\nRegistro de hotel: Prioritario \r\nTiquetes de entrada: 6\r\nTiquetes GRATIS de afiliado: 10 \r\nLogo al inicio de la página web: Secundario\r\nLogo en la publicidad del evento: Secundario\r\nNewsletter a todos los participantes\r\nPanel de entrevistas: Secundario\r\nExposición en redes sociales \r\nEspacio publicitario en revista del evento: Media página\r\nAcceso a la zona VIP de las fiestas\r\nCena de negocios previa al evento','Sponsor a 2 hour Sexy soccer or Volleyball tournament.  <br />\r\nSponsor 4 teams that could be either all female or Mix  <br />\r\nteams with minimum of 3 girls per team, all teams will  <br />\r\nwear your branded tshirts, females on the loosing team  <br />\r\nwill drop a piece of clothing on each score they get,  <br />\r\nthe first 3 finalist will get trophy’s branded your company.  <br />\r\nBranding and banners at the venue, free water, free beer, free appetizers,  <br />\r\nfree whistles, cheering items and free branded caps for all attendees.  <br />\r\nProfessional referees for the tournament.  <br />\r\nVenue with great view of the San Felipe castle.  <br />\r\nVenue capacity for 300 people.  <br />\r\nShuttle transportation roundtrip from show hotel.  <br />\r\nADITIONAL BENEFITS ON THIS SPONSORSHIP:  <br />\r\nHotel registration: Priority  <br />\r\nAirport transfer  <br />\r\nIncluded tickets: 6  <br />\r\nFREE Affiliate entrance ticket : 10  <br />\r\nLogo placement Homepage : Secondary  <br />\r\nLogo placement Advertising : Secondary  <br />\r\nNewsletter to Participants All  <br />\r\nInterviews panel : Secondary  <br />\r\nSocial Exposure  <br />\r\nShow Guide : Half Page Ad  <br />\r\nVIP Zone Access at Parties  <br />\r\nPre Show Dinner Networking.',6999.00,5,1),
(34,6,'Bolos\r\n','Bowling Networking','Patrocine un divertido evento de networking de 2 horas con bolos, comida y bebidas. Incluye brandeo del lugar y bar con hamburgesas y bebidas. Zapatos y medias para todos los que quieran jugar. 4 afritrionas brandeadas. Servicio de transporte desde el lugar del evento. Actividad para 200 personas. \r\nBENEFICIOS ADICIONALES EN ESTE PATROCINIO:\r\nRegistro de hotel: Prioritario \r\nTiquetes de entrada: 6\r\nTiquetes GRATIS de afiliado: 10 \r\nLogo al inicio de la página web: Secundario\r\nLogo en la publicidad del evento: Secundario\r\nNewsletter a todos los participantes\r\nPanel de entrevistas: Secundario\r\nExposición en redes sociales \r\nEspacio publicitario en revista del evento: Media página\r\nAcceso a la zona VIP de las fiestas\r\nCena de negocios previa al evento','Sponsor a 2-hour fun networking event with bowling, Food and drinks.  <br />\r\nIncludes exclusive branded bowling alley and bar with hamburgers and  <br />\r\nbeverages, shoes and socks to play for everyone. 4 branded hostess.  <br />\r\nShuttle bus transportation from Convention center.  <br />\r\nThis event capacity is for 200 people.  <br />\r\nADITIONAL BENEFITS ON THIS SPONSORSHIP: <br />\r\nHotel registration: Priority  <br />\r\nIncluded tickets: 6  <br />\r\nFREE Affiliate entrance ticket : 10  <br />\r\nLogo placement Homepage : Secondary  <br />\r\nLogo placement Advertising : Secondary  <br />\r\nNewsletter to Participants All  <br />\r\nInterviews panel : Secondary  <br />\r\nSocial Exposure  <br />\r\nShow Guide : Half Page Ad  <br />\r\nVIP Zone Access at Parties  <br />\r\nPre Show Dinner Networking.',5999.00,5,1),
(35,6,'Casino\r\n','Casino Networking','Patrocine una fiesta de negocios de 3 horas en un famoso Casino de la ciudad. Incluye brandeo del casino, bebidas y comida para todos los asistentes. 4 anfitrionas brandeadas y banda en vivo como show de entretenimiento. Céditos brandeados para que todas las mesas que jueguen. Casino con capacidad para 250 personas.\r\nBENEFICIOS ADICIONALES EN ESTE PATROCINIO:\r\nRegistro de hotel: Prioritario \r\nTiquetes de entrada: 6\r\nTiquetes GRATIS de afiliado: 10 \r\nLogo al inicio de la página web: Secundario\r\nLogo en la publicidad del evento: Secundario\r\nNewsletter a todos los participantes\r\nPanel de entrevistas: Secundario\r\nExposición en redes sociales \r\nEspacio publicitario en revista del evento: Media página \r\nAcceso a la zona VIP de las fiestas\r\nCena de negocios previa al evento','Sponsor a 3 hour networking party at the famous Casino.  <br />\r\nIncludes branding in casino, drinks and food for all attendees.  <br />\r\n4 branded hostess. Live band entertainment. branded credits <br />\r\ncurrency for playing tables.  <br />\r\nCasino capacity for 250 people.  <br />\r\nADITIONAL BENEFITS ON THIS SPONSORSHIP:  <br />\r\nHotel registration: Priority  <br />\r\nIncluded tickets: 6  <br />\r\nFREE Affiliate entrance ticket : 10  <br />\r\nLogo placement Homepage : Secondary  <br />\r\nLogo placement Advertising : Secondary  <br />\r\nNewsletter to Participants All  <br />\r\nInterviews panel : Secondary  <br />\r\nSocial Exposure  <br />\r\nShow Guide : Half Page Ad  <br />\r\nVIP Zone Access at Parties  <br />\r\nPre Show Dinner Networking. ',6999.00,5,1),
(36,7,'Fiesta de Bienvenida\r\n','Welcome party','Sea la empresa más genial de todas. Todo el mundo habla de las fiestas LALEXPO, haga que sea su fiesta. Olvídese de las fiestas aburridas en otros eventos, hacer cosas épicas y ser épicos es la mejor manera de anunciar. Cada detalle sería discutido con cada patrocinador. Incluye bebidas, personal, entretenimiento y material de promoción publicitaria.\r\nADICIONAL BENEFICIOS EN ESTE PATROCINIO: \r\nRegistro de hotel: Prioritario \r\nTransporte desde el aeropuerto al hotel \r\nTiquetes de entrada: 10 \r\nTiquetes GRATIS de afiliado: 20 \r\nLogo al inicio de la página web: Principal \r\nLogo en la publicidad del evento: Principal\r\nNewsletter a todos los participantes\r\nPanel de entrevistas: Destacado\r\nExposición en redes sociales \r\nEspacio publicitario en revista del evento: Página completa \r\nCena de negocios previa al evento','Be the Hottest Company of them all, Everybody talks about  <br />\r\nthe LALEXPO parties, let it be your Party. Forget about boring  <br />\r\nparties in other events, being Epic is the best way to advertise.  <br />\r\nEvery Detail would be discussed with each sponsor. It includes  <br />\r\ndrinks, Staff, entertainment and promotion material.  <br />\r\nADITIONAL BENEFITS ON THIS SPONSORSHIP :  <br />\r\nHotel registration : Priority  <br />\r\nAirport transfer  <br />\r\nIncluded tickets : 10  <br />\r\nFREE Affiliate entrance ticket : 20  <br />\r\nLogo placement Homepage : Main  <br />\r\nLogo placement Advertising : Main  <br />\r\nNewsletter to Participants All  <br />\r\nInterviews panel : Prominent  <br />\r\nSocial Exposure  <br />\r\nShow Guide : Full Page Ad  <br />\r\nPre Show Dinner Networking ',12999.00,5,1),
(37,7,'Fiesta Diaria\r\n','Everyday party','Sé la mejor compañía de todos ellos, todo el mundo habla de <br />\r\nlas fiestas de LALEXPO, que sea tu fiesta. Olvídate de <br />\r\nfiestas aburridas en otros eventos, ser épico es la mejor manera <br />\r\npara publicitar Cada detalle se discutirá con cada patrocinador. <br />\r\nIncluye bebidas, personal, entretenimiento y material de promoción. <br />\r\nBENEFICIOS ADICIONALES SOBRE ESTE PATROCINADOR: <br />\r\nRegistro de hotel: prioridad <br />\r\nTraslado al aeropuerto <br />\r\nBoletos incluidos: 10 <br />\r\nEntrada de afiliado GRATUITA: 20 <br />\r\nColocación del logotipo Página de inicio: Principal <br />\r\nColocación del logotipo Publicidad: Principal <br />\r\nBoletín informativo para todos los participantes <br />\r\nPanel de entrevistas: Destacado <br />\r\nExposición social <br />\r\nMostrar guía: Anuncio de página completa <br />\r\nCena previa al evento','Be the Hottest Company of them all, Everybody talks about  <br />\r\nthe LALEXPO parties, let it be your Party. Forget about  <br />\r\nboring parties in other events, being Epic is the best way  <br />\r\nto advertise. Every Detail would be discussed with each sponsor.  <br />\r\nIt includes drinks, Staff, entertainment and promotion material.  <br />\r\nADITIONAL BENEFITS ON THIS SPONSORSHIP :  <br />\r\nHotel registration : Priority  <br />\r\nAirport transfer  <br />\r\nIncluded tickets : 10  <br />\r\nFREE Affiliate entrance ticket : 20  <br />\r\nLogo placement Homepage : Main  <br />\r\nLogo placement Advertising : Main  <br />\r\nNewsletter to Participants All  <br />\r\nInterviews panel : Prominent  <br />\r\nSocial Exposure  <br />\r\nShow Guide : Full Page Ad  <br />\r\nPre Show Dinner Networking',15999.00,5,1),
(38,7,'Remate de fiesta privado al estilo VIP','Private N-Style VIP afterparty','Lo que pasa en esta fiesta, se queda en esta fiesta. Fiesta exclusiva, sólo con invitación, después de la fiesta de cierre del evento. Villa privada, bebidas y entretenimiento. Límite de 100 asistentes. Cada Detalle sería discutido con cada patrocinador. \r\nBENEFICIOS ADICIONALES EN ESTE PATROCINIO: \r\nRegistro de hotel: Prioritario \r\nTransporte desde el aeropuerto al hotel \r\nTiquetes de entrada: 10 \r\nTiquetes GRATIS de afiliado: 20 \r\nLogo al inicio de la página web: Principal \r\nLogo en la publicidad del evento: Principal\r\nNewsletter a todos los participantes\r\nPanel de entrevistas: Destacado\r\nExposición en redes sociales \r\nEspacio publicitario en revista del evento: Página completa \r\nCena de negocios previa al evento','What happens in this party, stays in this party.  <br />\r\nInvite only exclusive party after the show closing party. <br />\r\nPrivate Villa, Drinks and entertainment.  <br />\r\nLimmited to 100 attendees.  <br />\r\nEvery Detail would be discussed with each sponsor. <br />\r\nADITIONAL BENEFITS ON THIS SPONSORSHIP :  <br />\r\nHotel registration : Priority  <br />\r\nAirport transfer  <br />\r\nIncluded tickets : 10  <br />\r\nFREE Affiliate entrance ticket : 20  <br />\r\nLogo placement Homepage : Main  <br />\r\nLogo placement Advertising : Main  <br />\r\nNewsletter to Participants All  <br />\r\nInterviews panel : Prominent  <br />\r\nSocial Exposure  <br />\r\nShow Guide : Full Page Ad  <br />\r\nPre Show Dinner Networking',7999.00,5,1),
(39,8,'Presenting sponsor','Presenting sponsor','Entrevista en la alfombra roja\r\nPresentación de vídeo en pantalla\r\nPromoción en la pantalla Categorías \r\nLogo prioritario en nuestro sitio web\r\nAnuncios en redes sociales \r\nNewsletter dedicado a su marca\r\nPendones y publicidad en todo el salón\r\nManillas de los premios\r\nEntradas de patrocinador\r\nAperitivos y bebidas suaves patrocinadas\r\n15 Sillas VIP\r\nAnuncio de página completa en la revista del evento\r\nMuro de video en la entrada del salón\r\nTransporte exclusivo para la ceremonia\r\nCena previa al evento sólo para patrocinadores\r\n200 votos de ventaja\r\nNota: Si ya eres un patrocinador de Lalexpo con derecho a publicidad en la revista del evento y \r\no a la cena previa, estos artículos no aplicarán para este paquete, es decir, no se recibirán dos veces.','Red carpet interview  <br />\r\nOn screen video presentation  <br />\r\nOn screen promo Categories   <br />\r\nProminent logo on our website  <br />\r\nSocial Media announcements  <br />\r\nDedicated newsletter  <br />\r\nBanners and ads in the Ballroom  <br />\r\nAwards Wristband <br />\r\nTickets sponsor  <br />\r\nAppetizers and Soft drinks sponsor  <br />\r\n15 VIP seats  <br />\r\nShow Guide LALEXPO (Full page Ad)  <br />\r\nVideo wall (Entrance Event)  <br />\r\nExclusive Transport to Show  <br />\r\nPre-Show Sponsors Dinner  <br />\r\n <br />\r\n200 Advantage Votes  <br />\r\n <br />\r\nNote: If you already are a lalexpo sponsor with right to Show guide Ad and <br />\r\nor Pre Show Dinner Networking. Those items on this package wont apply, meaning you wont get it twice.',10000.00,5,1),
(40,8,'Main sponsorship','Main sponsorship','Entrevista en la alfombra roja\r\nPresentación de vídeo en pantalla\r\nLogo en nuestro sitio web\r\nAnuncios en redes sociales \r\nNewsletter dedicado a su marca\r\nPendones y publicidad en todo el salón\r\n8 Sillas VIP\r\nAperitivos y bebidas suaves\r\nAnuncio de media página en la revista del evento\r\nMuro de video en la entrada del salón\r\nCena para patrocinadores previa al evento \r\n150 votos de ventaja','Red carpet interview  <br />\r\nOn screen video presentation  <br />\r\nLogo on our website  <br />\r\nSocial Media announcements  <br />\r\nDedicated newsletter  <br />\r\nBanners and ads in the Ballroom  <br />\r\n8 VIP seats  <br />\r\nAppetizers and soft drinks  <br />\r\nShow Guide LALEXPO (Half page ad)  <br />\r\nVideo wall (Entrance Event)  <br />\r\nPre-Show Sponsors Dinner  <br />\r\n <br />\r\n150 Advantage Votes',5000.00,5,1),
(41,8,'Sponsorship','Sponsorship','Entrevista en la alfombra roja\r\nLogo en nuestro sitio web\r\nAnuncios en redes sociales \r\nLogo en Newsletter de los premios\r\n6 Sillas VIP\r\nAperitivos y bebidas suaves\r\nAnuncio de media página en la revista del evento\r\nMuro de video en la entrada del salón\r\nCena para patrocinadores previa al evento \r\n100 votos de ventaja','Red carpet interview  <br />\r\nLogo on our website  <br />\r\nSocial Media announcements  <br />\r\nLogo on awards newsletters  <br />\r\n6 VIP seats  <br />\r\nAppetizers and soft drinks  <br />\r\nShow Guide LALEXPO (Half page ad)  <br />\r\nVideo wall (Entrance Event)  <br />\r\nPre-Show Sponsors Dinner  <br />\r\n <br />\r\n100 Advantage Votes',2999.00,5,1);

/*Table structure for table `patrocinador_solicitud` */

DROP TABLE IF EXISTS `patrocinador_solicitud`;

CREATE TABLE `patrocinador_solicitud` (
  `id` int(11) NOT NULL AUTO_INCREMENT,
  `fecha` timestamp NOT NULL DEFAULT CURRENT_TIMESTAMP ON UPDATE CURRENT_TIMESTAMP,
  `id_usuario` int(11) unsigned DEFAULT NULL,
  `id_paquete` int(11) DEFAULT NULL,
  `estado` tinyint(1) DEFAULT '1' COMMENT '0=Anulado, 1=Pendiente, 2=Aprobada, 3=Rechazada',
  PRIMARY KEY (`id`),
  KEY `paquete` (`id_paquete`),
  KEY `usuario` (`id_usuario`),
  CONSTRAINT `paquete` FOREIGN KEY (`id_paquete`) REFERENCES `patrocinador_paquete` (`id`),
  CONSTRAINT `usuario` FOREIGN KEY (`id_usuario`) REFERENCES `usuarios` (`id`)
) ENGINE=InnoDB AUTO_INCREMENT=7 DEFAULT CHARSET=utf8;

/*Data for the table `patrocinador_solicitud` */

insert  into `patrocinador_solicitud`(`id`,`fecha`,`id_usuario`,`id_paquete`,`estado`) values 
(5,'2018-07-20 23:28:46',11,3,1),
(6,'2018-07-21 00:39:52',11,9,2);

/*Table structure for table `vw_paquetes_patrocinios` */

DROP TABLE IF EXISTS `vw_paquetes_patrocinios`;

/*!50001 DROP VIEW IF EXISTS `vw_paquetes_patrocinios` */;
/*!50001 DROP TABLE IF EXISTS `vw_paquetes_patrocinios` */;

/*!50001 CREATE TABLE  `vw_paquetes_patrocinios`(
 `id` int(11) ,
 `categoria` varchar(150) ,
 `nombre_es` varchar(150) ,
 `nombre_en` varchar(150) ,
 `descrip_es` text ,
 `descrip_en` text ,
 `precio` decimal(18,2) ,
 `cantidad` int(11) ,
 `estado` tinyint(1) 
)*/;

/*Table structure for table `vw_solicitudes_patrocinios` */

DROP TABLE IF EXISTS `vw_solicitudes_patrocinios`;

/*!50001 DROP VIEW IF EXISTS `vw_solicitudes_patrocinios` */;
/*!50001 DROP TABLE IF EXISTS `vw_solicitudes_patrocinios` */;

/*!50001 CREATE TABLE  `vw_solicitudes_patrocinios`(
 `id` int(11) ,
 `fecha` varchar(18) ,
 `usuario` varchar(101) ,
 `email` varchar(70) ,
 `categoria` varchar(150) ,
 `paquete` varchar(150) ,
 `precio` decimal(18,2) ,
 `estado` tinyint(1) 
)*/;

/*View structure for view vw_paquetes_patrocinios */

/*!50001 DROP TABLE IF EXISTS `vw_paquetes_patrocinios` */;
/*!50001 DROP VIEW IF EXISTS `vw_paquetes_patrocinios` */;

/*!50001 CREATE ALGORITHM=UNDEFINED SQL SECURITY DEFINER VIEW `vw_paquetes_patrocinios` AS select `paq`.`id` AS `id`,`cat`.`nombre_es` AS `categoria`,`paq`.`nombre_es` AS `nombre_es`,`paq`.`nombre_en` AS `nombre_en`,`paq`.`descrip_es` AS `descrip_es`,`paq`.`descrip_en` AS `descrip_en`,`paq`.`precio` AS `precio`,`paq`.`cantidad` AS `cantidad`,`paq`.`estado` AS `estado` from (`patrocinador_paquete` `paq` left join `patrocinador_categoria_paquete` `cat` on((`cat`.`id` = `paq`.`id_categoria`))) */;

/*View structure for view vw_solicitudes_patrocinios */

/*!50001 DROP TABLE IF EXISTS `vw_solicitudes_patrocinios` */;
/*!50001 DROP VIEW IF EXISTS `vw_solicitudes_patrocinios` */;

/*!50001 CREATE ALGORITHM=UNDEFINED SQL SECURITY DEFINER VIEW `vw_solicitudes_patrocinios` AS (select `ps`.`id` AS `id`,date_format(`ps`.`fecha`,'%d/%m/%y %h:%i %p ') AS `fecha`,concat(`us`.`nombre`,' ',`us`.`apellido`) AS `usuario`,`us`.`email` AS `email`,`cp`.`nombre_es` AS `categoria`,`pp`.`nombre_es` AS `paquete`,`pp`.`precio` AS `precio`,`ps`.`estado` AS `estado` from (((`patrocinador_solicitud` `ps` join `patrocinador_paquete` `pp` on((`pp`.`id` = `ps`.`id_paquete`))) join `patrocinador_categoria_paquete` `cp` on((`cp`.`id` = `pp`.`id_categoria`))) join `usuarios` `us` on((`us`.`id` = `ps`.`id_usuario`)))) */;

/*!40101 SET SQL_MODE=@OLD_SQL_MODE */;
/*!40014 SET FOREIGN_KEY_CHECKS=@OLD_FOREIGN_KEY_CHECKS */;
/*!40014 SET UNIQUE_CHECKS=@OLD_UNIQUE_CHECKS */;
/*!40111 SET SQL_NOTES=@OLD_SQL_NOTES */;
